filename,acquisition,systemVendor,systemModel,systemFieldStrength_T,receiverChannels,institutionName,enc_x,enc_y,enc_z,rec_x,rec_y,rec_z,enc_x_mm,enc_y_mm,enc_z_mm,rec_x_mm,rec_y_mm,rec_z_mm,nPE,acc,num_low_freq
multicoil_val/file1000000.h5,CORPDFS_FBK,SIEMENS,Prisma_fit,2.893620,15,NYU,640,368,1,320,320,1,280.000000,161.419998,4.500000,140.000000,140.000000,3.000000,332,0,0
multicoil_val/file1000007.h5,CORPDFS_FBK,SIEMENS,Skyra,2.893620,15,NYU,640,368,1,320,320,1,280.000000,161.419998,4.500000,140.000000,140.000000,3.000000,332,0,0
multicoil_val/file1000017.h5,CORPDFS_FBK,SIEMENS,Aera,1.494000,15,NYU,640,372,1,320,320,1,280.000000,162.820007,4.500000,140.000000,140.000000,3.000000,335,0,0
multicoil_val/file1000026.h5,CORPDFS_FBK,SIEMENS,Aera,1.494000,15,NYU,640,372,1,320,320,1,280.000000,162.820007,4.500000,140.000000,140.000000,3.000000,335,0,0
multicoil_val/file1000031.h5,CORPD_FBK,SIEMENS,Aera,1.494000,15,HJD,640,372,1,320,320,1,280.000000,162.820007,4.500000,140.000000,140.000000,3.000000,335,0,0
multicoil_val/file1000033.h5,CORPD_FBK,SIEMENS,Skyra,2.893620,15,NYU,640,368,1,320,320,1,280.000000,161.419998,4.500000,140.000000,140.000000,3.000000,332,0,0
multicoil_val/file1000041.h5,CORPD_FBK,SIEMENS,Skyra,2.893620,15,NYU,640,368,1,320,320,1,280.000000,161.419998,4.500000,140.000000,140.000000,3.000000,332,0,0
multicoil_val/file1000052.h5,CORPD_FBK,SIEMENS,Aera,1.494000,15,NYU,640,372,1,320,320,1,280.000000,162.820007,4.500000,140.000000,140.000000,3.000000,335,0,0
multicoil_val/file1000071.h5,CORPD_FBK,SIEMENS,Aera,1.494000,15,NYU,640,372,1,320,320,1,280.000000,162.820007,4.500000,140.000000,140.000000,3.000000,335,0,0
multicoil_val/file1000073.h5,CORPD_FBK,SIEMENS,Aera,1.494000,15,NYU,640,372,1,320,320,1,280.000000,162.820007,4.500000,140.000000,140.000000,3.000000,335,0,0
multicoil_val/file1000107.h5,CORPD_FBK,SIEMENS,Aera,1.494000,15,NYU,640,372,1,320,320,1,280.000000,162.820007,4.500000,140.000000,140.000000,3.000000,335,0,0
multicoil_val/file1000108.h5,CORPD_FBK,SIEMENS,Skyra,2.893620,15,NYU,640,368,1,320,320,1,280.000000,161.419998,4.500000,140.000000,140.000000,3.000000,332,0,0
multicoil_val/file1000114.h5,CORPDFS_FBK,SIEMENS,Aera,1.494000,15,NYU,640,372,1,320,320,1,280.000000,162.820007,4.500000,140.000000,140.000000,3.000000,335,0,0
multicoil_val/file1000126.h5,CORPD_FBK,SIEMENS,Aera,1.494000,15,NYU,640,372,1,320,320,1,280.000000,162.820007,4.500000,140.000000,140.000000,3.000000,335,0,0
multicoil_val/file1000153.h5,CORPD_FBK,SIEMENS,Aera,1.494000,15,HJD,640,372,1,320,320,1,280.000000,162.820007,4.500000,140.000000,140.000000,3.000000,335,0,0
multicoil_val/file1000178.h5,CORPDFS_FBK,SIEMENS,Aera,1.494000,15,NYU,640,372,1,320,320,1,280.000000,162.820007,4.500000,140.000000,140.000000,3.000000,335,0,0
multicoil_val/file1000182.h5,CORPD_FBK,SIEMENS,Skyra,2.893620,15,HJD,640,368,1,320,320,1,280.000000,161.419998,4.500000,140.000000,140.000000,3.000000,332,0,0
multicoil_val/file1000190.h5,CORPD_FBK,SIEMENS,Skyra,2.893620,15,NYU,640,368,1,320,320,1,280.000000,161.419998,4.500000,140.000000,140.000000,3.000000,332,0,0
multicoil_val/file1000196.h5,CORPDFS_FBK,SIEMENS,Skyra,2.893620,15,NYU,640,368,1,320,320,1,280.000000,161.419998,4.500000,140.000000,140.000000,3.000000,332,0,0
multicoil_val/file1000201.h5,CORPDFS_FBK,SIEMENS,Aera,1.494000,15,HJD,640,372,1,320,320,1,280.000000,162.820007,4.500000,140.000000,140.000000,3.000000,335,0,0
multicoil_val/file1000206.h5,CORPDFS_FBK,SIEMENS,Aera,1.494000,15,NYU,640,372,1,320,320,1,280.000000,162.820007,4.500000,140.000000,140.000000,3.000000,335,0,0
multicoil_val/file1000229.h5,CORPDFS_FBK,SIEMENS,Aera,1.494000,15,NYU,640,372,1,320,320,1,280.000000,162.820007,4.500000,140.000000,140.000000,3.000000,335,0,0
multicoil_val/file1000243.h5,CORPD_FBK,SIEMENS,Aera,1.494000,15,NYU,640,372,1,320,320,1,280.000000,162.820007,4.500000,140.000000,140.000000,3.000000,335,0,0
multicoil_val/file1000247.h5,CORPDFS_FBK,SIEMENS,Aera,1.494000,15,NYU,640,372,1,320,320,1,280.000000,162.820007,4.500000,140.000000,140.000000,3.000000,335,0,0
multicoil_val/file1000254.h5,CORPDFS_FBK,SIEMENS,Aera,1.494000,15,NYU,640,372,1,320,320,1,280.000000,162.820007,4.500000,140.000000,140.000000,3.000000,335,0,0
multicoil_val/file1000263.h5,CORPD_FBK,SIEMENS,Aera,1.494000,15,NYU,640,454,1,320,320,1,280.000000,198.380005,4.500000,140.000000,140.000000,3.000000,340,0,0
multicoil_val/file1000264.h5,CORPD_FBK,SIEMENS,Aera,1.494000,15,NYU,640,372,1,320,320,1,280.000000,162.820007,4.500000,140.000000,140.000000,3.000000,335,0,0
multicoil_val/file1000267.h5,CORPDFS_FBK,SIEMENS,Aera,1.494000,15,NYU,640,400,1,320,320,1,280.000000,175.000000,4.500000,140.000000,140.000000,3.000000,320,0,0
multicoil_val/file1000273.h5,CORPDFS_FBK,SIEMENS,Skyra,2.893620,15,NYU,640,368,1,320,320,1,280.000000,161.419998,4.500000,140.000000,140.000000,3.000000,332,0,0
multicoil_val/file1000277.h5,CORPD_FBK,SIEMENS,Skyra,2.893620,15,NYU,640,356,1,320,320,1,280.000000,155.539993,4.500000,140.000000,140.000000,3.000000,320,0,0
multicoil_val/file1000280.h5,CORPDFS_FBK,SIEMENS,Skyra,2.893620,15,NYU,640,368,1,320,320,1,280.000000,161.419998,4.500000,140.000000,140.000000,3.000000,332,0,0
multicoil_val/file1000283.h5,CORPD_FBK,SIEMENS,Aera,1.494000,15,HJD,640,644,1,320,320,1,280.000000,281.959991,4.500000,140.000000,140.000000,3.000000,580,0,0
multicoil_val/file1000291.h5,CORPDFS_FBK,SIEMENS,Skyra,2.893620,15,NYU,640,368,1,320,320,1,280.000000,161.419998,4.500000,140.000000,140.000000,3.000000,332,0,0
multicoil_val/file1000292.h5,CORPDFS_FBK,SIEMENS,Aera,1.494000,15,HJD,640,372,1,320,320,1,280.000000,162.820007,4.500000,140.000000,140.000000,3.000000,335,0,0
multicoil_val/file1000308.h5,CORPD_FBK,SIEMENS,Aera,1.494000,15,NYU,640,372,1,320,320,1,280.000000,162.820007,4.500000,140.000000,140.000000,3.000000,335,0,0
multicoil_val/file1000314.h5,CORPD_FBK,SIEMENS,Aera,1.494000,15,NYU,640,372,1,320,320,1,280.000000,162.820007,4.500000,140.000000,140.000000,3.000000,335,0,0
multicoil_val/file1000323.h5,CORPD_FBK,SIEMENS,Aera,1.494000,15,NYU,640,372,1,320,320,1,280.000000,162.820007,4.500000,140.000000,140.000000,3.000000,335,0,0
multicoil_val/file1000325.h5,CORPDFS_FBK,SIEMENS,Aera,1.494000,15,HJD,640,372,1,320,320,1,280.000000,162.820007,4.500000,140.000000,140.000000,3.000000,335,0,0
multicoil_val/file1000328.h5,CORPD_FBK,SIEMENS,Aera,1.494000,15,HJD,640,372,1,320,320,1,280.000000,162.820007,4.500000,140.000000,140.000000,3.000000,335,0,0
multicoil_val/file1000344.h5,CORPDFS_FBK,SIEMENS,Aera,1.494000,15,NYU,640,372,1,320,320,1,280.000000,162.820007,4.500000,140.000000,140.000000,3.000000,335,0,0
multicoil_val/file1000350.h5,CORPD_FBK,SIEMENS,Aera,1.494000,15,NYU,640,372,1,320,320,1,280.000000,162.820007,4.500000,140.000000,140.000000,3.000000,335,0,0
multicoil_val/file1000356.h5,CORPD_FBK,SIEMENS,Aera,1.494000,15,NYU,640,372,1,320,320,1,280.000000,162.820007,4.500000,140.000000,140.000000,3.000000,335,0,0
multicoil_val/file1000389.h5,CORPD_FBK,SIEMENS,Skyra,2.893620,15,NYU,640,368,1,320,320,1,280.000000,161.419998,4.500000,140.000000,140.000000,3.000000,332,0,0
multicoil_val/file1000432.h5,CORPD_FBK,SIEMENS,Aera,1.494000,15,NYU,640,372,1,320,320,1,280.000000,162.820007,4.500000,140.000000,140.000000,3.000000,335,0,0
multicoil_val/file1000464.h5,CORPD_FBK,SIEMENS,Skyra,2.893620,15,NYU,640,368,1,320,320,1,280.000000,161.419998,4.500000,140.000000,140.000000,3.000000,332,0,0
multicoil_val/file1000476.h5,CORPDFS_FBK,SIEMENS,Skyra,2.893620,15,NYU,640,368,1,320,320,1,280.000000,161.419998,4.500000,140.000000,140.000000,3.000000,332,0,0
multicoil_val/file1000477.h5,CORPD_FBK,SIEMENS,Skyra,2.893620,15,NYU,640,368,1,320,320,1,280.000000,161.419998,4.500000,140.000000,140.000000,3.000000,332,0,0
multicoil_val/file1000480.h5,CORPDFS_FBK,SIEMENS,Aera,1.494000,15,NYU,640,372,1,320,320,1,280.000000,162.820007,4.500000,140.000000,140.000000,3.000000,335,0,0
multicoil_val/file1000496.h5,CORPD_FBK,SIEMENS,Aera,1.494000,15,NYU,640,372,1,320,320,1,280.000000,162.820007,4.500000,140.000000,140.000000,3.000000,335,0,0
multicoil_val/file1000528.h5,CORPDFS_FBK,SIEMENS,Skyra,2.893620,15,NYU,640,368,1,320,320,1,280.000000,161.419998,4.500000,140.000000,140.000000,3.000000,332,0,0
multicoil_val/file1000537.h5,CORPD_FBK,SIEMENS,Aera,1.494000,15,NYU,640,372,1,320,320,1,280.000000,162.820007,4.500000,140.000000,140.000000,3.000000,335,0,0
multicoil_val/file1000538.h5,CORPDFS_FBK,SIEMENS,Skyra,2.893620,15,NYU,640,368,1,320,320,1,280.000000,161.419998,4.500000,140.000000,140.000000,3.000000,332,0,0
multicoil_val/file1000552.h5,CORPD_FBK,SIEMENS,Aera,1.494000,15,NYU,640,372,1,320,320,1,280.000000,162.820007,4.500000,140.000000,140.000000,3.000000,335,0,0
multicoil_val/file1000555.h5,CORPDFS_FBK,SIEMENS,Aera,1.494000,15,NYU,640,372,1,320,320,1,280.000000,162.820007,4.500000,140.000000,140.000000,3.000000,335,0,0
multicoil_val/file1000591.h5,CORPDFS_FBK,SIEMENS,Skyra,2.893620,15,NYU,640,368,1,320,320,1,280.000000,161.419998,4.500000,140.000000,140.000000,3.000000,332,0,0
multicoil_val/file1000593.h5,CORPDFS_FBK,SIEMENS,Skyra,2.893620,15,NYU,640,368,1,320,320,1,280.000000,161.419998,4.500000,140.000000,140.000000,3.000000,332,0,0
multicoil_val/file1000625.h5,CORPD_FBK,SIEMENS,Skyra,2.893620,15,NYU,640,368,1,320,320,1,280.000000,161.419998,4.500000,140.000000,140.000000,3.000000,332,0,0
multicoil_val/file1000628.h5,CORPD_FBK,SIEMENS,Aera,1.494000,15,NYU,640,372,1,320,320,1,280.000000,162.820007,4.500000,140.000000,140.000000,3.000000,335,0,0
multicoil_val/file1000631.h5,CORPDFS_FBK,SIEMENS,Aera,1.494000,15,NYU,640,372,1,320,320,1,280.000000,162.820007,4.500000,140.000000,140.000000,3.000000,335,0,0
multicoil_val/file1000635.h5,CORPD_FBK,SIEMENS,Skyra,2.893620,15,NYU,640,368,1,320,320,1,280.000000,161.419998,4.500000,140.000000,140.000000,3.000000,332,0,0
multicoil_val/file1000647.h5,CORPDFS_FBK,SIEMENS,Aera,1.494000,15,NYU,640,372,1,320,320,1,280.000000,162.820007,4.500000,140.000000,140.000000,3.000000,335,0,0
multicoil_val/file1000660.h5,CORPD_FBK,SIEMENS,Skyra,2.893620,15,NYU,640,368,1,320,320,1,280.000000,161.419998,4.500000,140.000000,140.000000,3.000000,332,0,0
multicoil_val/file1000697.h5,CORPD_FBK,SIEMENS,Skyra,2.893620,15,NYU,640,368,1,320,320,1,280.000000,161.419998,4.500000,140.000000,140.000000,3.000000,332,0,0
multicoil_val/file1000702.h5,CORPD_FBK,SIEMENS,Skyra,2.893620,15,NYU,640,368,1,320,320,1,280.000000,161.419998,4.500000,140.000000,140.000000,3.000000,332,0,0
multicoil_val/file1000735.h5,CORPD_FBK,SIEMENS,Skyra,2.893620,15,NYU,640,320,1,320,320,1,280.000000,140.000000,4.500000,140.000000,140.000000,3.000000,288,0,0
multicoil_val/file1000748.h5,CORPDFS_FBK,SIEMENS,Aera,1.494000,15,NYU,640,372,1,320,320,1,280.000000,162.820007,4.500000,140.000000,140.000000,3.000000,335,0,0
multicoil_val/file1000758.h5,CORPD_FBK,SIEMENS,Aera,1.494000,15,NYU,640,372,1,320,320,1,280.000000,162.820007,4.500000,140.000000,140.000000,3.000000,335,0,0
multicoil_val/file1000759.h5,CORPD_FBK,SIEMENS,Skyra,2.893620,15,NYU,640,368,1,320,320,1,280.000000,161.419998,4.500000,140.000000,140.000000,3.000000,332,0,0
multicoil_val/file1000769.h5,CORPD_FBK,SIEMENS,Skyra,2.893620,15,NYU,640,368,1,320,320,1,280.000000,161.419998,4.500000,140.000000,140.000000,3.000000,332,0,0
multicoil_val/file1000810.h5,CORPDFS_FBK,SIEMENS,Aera,1.494000,15,NYU,640,372,1,320,320,1,280.000000,162.820007,4.500000,140.000000,140.000000,3.000000,335,0,0
multicoil_val/file1000817.h5,CORPD_FBK,SIEMENS,Aera,1.494000,15,NYU,640,372,1,320,320,1,280.000000,162.820007,4.500000,140.000000,140.000000,3.000000,335,0,0
multicoil_val/file1000818.h5,CORPDFS_FBK,SIEMENS,Skyra,2.893620,15,NYU,640,368,1,320,320,1,280.000000,161.419998,4.500000,140.000000,140.000000,3.000000,332,0,0
multicoil_val/file1000831.h5,CORPD_FBK,SIEMENS,Skyra,2.893620,15,NYU,640,368,1,320,320,1,280.000000,161.419998,4.500000,140.000000,140.000000,3.000000,332,0,0
multicoil_val/file1000842.h5,CORPD_FBK,SIEMENS,Aera,1.494000,15,NYU,640,372,1,320,320,1,280.000000,162.820007,4.500000,140.000000,140.000000,3.000000,335,0,0
multicoil_val/file1000858.h5,CORPDFS_FBK,SIEMENS,Biograph_mMR,2.893620,15,NYU,640,368,1,320,320,1,280.000000,161.419998,4.500000,140.000000,140.000000,3.000000,332,0,0
multicoil_val/file1000871.h5,CORPD_FBK,SIEMENS,Aera,1.494000,15,NYU,640,372,1,320,320,1,280.000000,162.820007,4.500000,140.000000,140.000000,3.000000,335,0,0
multicoil_val/file1000885.h5,CORPD_FBK,SIEMENS,Aera,1.494000,15,NYU,640,372,1,320,320,1,280.000000,162.820007,4.500000,140.000000,140.000000,3.000000,335,0,0
multicoil_val/file1000891.h5,CORPD_FBK,SIEMENS,Aera,1.494000,15,NYU,640,372,1,320,320,1,280.000000,162.820007,4.500000,140.000000,140.000000,3.000000,335,0,0
multicoil_val/file1000899.h5,CORPDFS_FBK,SIEMENS,Skyra,2.893620,15,NYU,640,386,1,320,320,1,280.000000,169.119995,4.500000,140.000000,140.000000,3.000000,348,0,0
multicoil_val/file1000903.h5,CORPDFS_FBK,SIEMENS,Skyra,2.893620,15,NYU,640,368,1,320,320,1,280.000000,161.419998,4.500000,140.000000,140.000000,3.000000,332,0,0
multicoil_val/file1000925.h5,CORPD_FBK,SIEMENS,Aera,1.494000,15,NYU,640,372,1,320,320,1,280.000000,162.820007,4.500000,140.000000,140.000000,3.000000,335,0,0
multicoil_val/file1000926.h5,CORPD_FBK,SIEMENS,Prisma_fit,2.893620,15,NYU,640,368,1,320,320,1,280.000000,161.419998,4.500000,140.000000,140.000000,3.000000,332,0,0
multicoil_val/file1000932.h5,CORPDFS_FBK,SIEMENS,Aera,1.494000,15,NYU,640,372,1,320,320,1,280.000000,162.820007,4.500000,140.000000,140.000000,3.000000,335,0,0
multicoil_val/file1000942.h5,CORPDFS_FBK,SIEMENS,Biograph_mMR,2.893620,15,NYU,640,368,1,320,320,1,280.000000,161.419998,4.500000,140.000000,140.000000,3.000000,332,0,0
multicoil_val/file1000972.h5,CORPDFS_FBK,SIEMENS,Skyra,2.893620,15,NYU,640,368,1,320,320,1,280.000000,161.419998,4.500000,140.000000,140.000000,3.000000,332,0,0
multicoil_val/file1000976.h5,CORPD_FBK,SIEMENS,Skyra,2.893620,15,NYU,640,368,1,320,320,1,280.000000,161.419998,4.500000,140.000000,140.000000,3.000000,332,0,0
multicoil_val/file1000990.h5,CORPDFS_FBK,SIEMENS,Skyra,2.893620,15,NYU,640,368,1,320,320,1,280.000000,161.419998,4.500000,140.000000,140.000000,3.000000,332,0,0
multicoil_val/file1001031.h5,CORPDFS_FBK,SIEMENS,Aera,1.494000,15,NYU,640,372,1,320,320,1,280.000000,162.820007,4.500000,140.000000,140.000000,3.000000,335,0,0
multicoil_val/file1001057.h5,CORPD_FBK,SIEMENS,Skyra,2.893620,15,NYU,640,368,1,320,320,1,280.000000,161.419998,4.500000,140.000000,140.000000,3.000000,332,0,0
multicoil_val/file1001059.h5,CORPDFS_FBK,SIEMENS,Aera,1.494000,15,NYU,640,372,1,320,320,1,280.000000,162.820007,4.500000,140.000000,140.000000,3.000000,335,0,0
multicoil_val/file1001064.h5,CORPD_FBK,SIEMENS,Skyra,2.893620,15,NYU,640,368,1,320,320,1,280.000000,161.419998,4.500000,140.000000,140.000000,3.000000,332,0,0
multicoil_val/file1001077.h5,CORPD_FBK,SIEMENS,Prisma_fit,2.893620,15,NYU,640,368,1,320,320,1,280.000000,161.419998,4.500000,140.000000,140.000000,3.000000,332,0,0
multicoil_val/file1001090.h5,CORPDFS_FBK,SIEMENS,Skyra,2.893620,15,NYU,640,368,1,320,320,1,280.000000,161.419998,4.500000,140.000000,140.000000,3.000000,332,0,0
multicoil_val/file1001096.h5,CORPD_FBK,SIEMENS,Aera,1.494000,15,NYU,640,372,1,320,320,1,280.000000,162.820007,4.500000,140.000000,140.000000,3.000000,335,0,0
multicoil_val/file1001104.h5,CORPD_FBK,SIEMENS,Aera,1.494000,15,NYU,640,372,1,320,320,1,280.000000,162.820007,4.500000,140.000000,140.000000,3.000000,335,0,0
multicoil_val/file1001119.h5,CORPDFS_FBK,SIEMENS,Biograph_mMR,2.893620,15,NYU,640,368,1,320,320,1,280.000000,161.419998,4.500000,140.000000,140.000000,3.000000,332,0,0
multicoil_val/file1001122.h5,CORPD_FBK,SIEMENS,Aera,1.494000,15,NYU,640,338,1,320,320,1,280.000000,148.259995,4.500000,140.000000,140.000000,3.000000,305,0,0
multicoil_val/file1001126.h5,CORPD_FBK,SIEMENS,Skyra,2.893620,15,NYU,640,368,1,320,320,1,280.000000,161.419998,4.500000,140.000000,140.000000,3.000000,332,0,0
multicoil_val/file1001140.h5,CORPDFS_FBK,SIEMENS,Aera,1.494000,15,NYU,640,372,1,320,320,1,280.000000,162.820007,4.500000,140.000000,140.000000,3.000000,335,0,0
multicoil_val/file1001143.h5,CORPDFS_FBK,SIEMENS,Aera,1.494000,15,NYU,640,372,1,320,320,1,280.000000,162.820007,4.500000,140.000000,140.000000,3.000000,335,0,0
multicoil_val/file1001144.h5,CORPDFS_FBK,SIEMENS,Skyra,2.893620,15,NYU,640,368,1,320,320,1,280.000000,161.419998,4.500000,140.000000,140.000000,3.000000,332,0,0
multicoil_val/file1001148.h5,CORPD_FBK,SIEMENS,Aera,1.494000,15,NYU,640,372,1,320,320,1,280.000000,162.820007,4.500000,140.000000,140.000000,3.000000,335,0,0
multicoil_val/file1001159.h5,CORPDFS_FBK,SIEMENS,Aera,1.494000,15,NYU,640,372,1,320,320,1,280.000000,162.820007,4.500000,140.000000,140.000000,3.000000,335,0,0
multicoil_val/file1001163.h5,CORPD_FBK,SIEMENS,Biograph_mMR,2.893620,15,NYU,640,368,1,320,320,1,280.000000,161.419998,4.500000,140.000000,140.000000,3.000000,332,0,0
multicoil_val/file1001168.h5,CORPD_FBK,SIEMENS,Aera,1.494000,15,NYU,640,372,1,320,320,1,280.000000,162.820007,4.500000,140.000000,140.000000,3.000000,335,0,0
multicoil_val/file1001170.h5,CORPD_FBK,SIEMENS,Skyra,2.893620,15,NYU,640,368,1,320,320,1,280.000000,161.419998,4.500000,140.000000,140.000000,3.000000,332,0,0
multicoil_val/file1001184.h5,CORPD_FBK,SIEMENS,Skyra,2.893620,15,NYU,640,368,1,320,320,1,280.000000,161.419998,4.500000,140.000000,140.000000,3.000000,332,0,0
multicoil_val/file1001188.h5,CORPDFS_FBK,SIEMENS,Aera,1.494000,15,NYU,640,372,1,320,320,1,280.000000,162.820007,4.500000,140.000000,140.000000,3.000000,335,0,0
multicoil_val/file1001191.h5,CORPDFS_FBK,SIEMENS,Skyra,2.893620,15,NYU,640,368,1,320,320,1,280.000000,161.419998,4.500000,140.000000,140.000000,3.000000,332,0,0
multicoil_val/file1001202.h5,CORPD_FBK,SIEMENS,Skyra,2.893620,15,NYU,640,368,1,320,320,1,280.000000,161.419998,4.500000,140.000000,140.000000,3.000000,332,0,0
multicoil_val/file1001219.h5,CORPD_FBK,SIEMENS,Aera,1.494000,15,NYU,640,372,1,320,320,1,280.000000,162.820007,4.500000,140.000000,140.000000,3.000000,335,0,0
multicoil_val/file1001221.h5,CORPD_FBK,SIEMENS,Skyra,2.893620,15,NYU,640,368,1,320,320,1,280.000000,161.419998,4.500000,140.000000,140.000000,3.000000,332,0,0
multicoil_val/file1001262.h5,CORPDFS_FBK,SIEMENS,Skyra,2.893620,15,NYU,640,368,1,320,320,1,280.000000,161.419998,4.500000,140.000000,140.000000,3.000000,332,0,0
multicoil_val/file1001275.h5,CORPDFS_FBK,SIEMENS,Aera,1.494000,15,NYU,640,372,1,320,320,1,280.000000,162.820007,4.500000,140.000000,140.000000,3.000000,335,0,0
multicoil_val/file1001289.h5,CORPDFS_FBK,SIEMENS,Biograph_mMR,2.893620,15,NYU,640,368,1,320,320,1,280.000000,161.419998,4.500000,140.000000,140.000000,3.000000,332,0,0
multicoil_val/file1001298.h5,CORPD_FBK,SIEMENS,Prisma_fit,2.893620,15,NYU,640,368,1,320,320,1,280.000000,161.419998,4.500000,140.000000,140.000000,3.000000,332,0,0
multicoil_val/file1001331.h5,CORPD_FBK,SIEMENS,Biograph_mMR,2.893620,15,NYU,640,368,1,320,320,1,280.000000,161.419998,4.500000,140.000000,140.000000,3.000000,332,0,0
multicoil_val/file1001338.h5,CORPDFS_FBK,SIEMENS,Skyra,2.893620,15,HJD,640,368,1,320,320,1,280.000000,161.419998,4.500000,140.000000,140.000000,3.000000,332,0,0
multicoil_val/file1001339.h5,CORPD_FBK,SIEMENS,Skyra,2.893620,15,NYU,640,368,1,320,320,1,280.000000,161.419998,4.500000,140.000000,140.000000,3.000000,332,0,0
multicoil_val/file1001344.h5,CORPDFS_FBK,SIEMENS,Skyra,2.893620,15,HJD,640,368,1,320,320,1,280.000000,161.419998,4.500000,140.000000,140.000000,3.000000,332,0,0
multicoil_val/file1001365.h5,CORPDFS_FBK,SIEMENS,Skyra,2.893620,15,NYU,640,368,1,320,320,1,280.000000,161.419998,4.500000,140.000000,140.000000,3.000000,332,0,0
multicoil_val/file1001381.h5,CORPD_FBK,SIEMENS,Biograph_mMR,2.893620,15,NYU,640,368,1,320,320,1,280.000000,161.419998,4.500000,140.000000,140.000000,3.000000,332,0,0
multicoil_val/file1001429.h5,CORPDFS_FBK,SIEMENS,Skyra,2.893620,15,NYU,640,356,1,320,320,1,280.000000,155.539993,4.500000,140.000000,140.000000,3.000000,320,0,0
multicoil_val/file1001440.h5,CORPDFS_FBK,SIEMENS,Skyra,2.893620,15,NYU,640,368,1,320,320,1,280.000000,161.419998,4.500000,140.000000,140.000000,3.000000,332,0,0
multicoil_val/file1001444.h5,CORPD_FBK,SIEMENS,Biograph_mMR,2.893620,15,NYU,640,368,1,320,320,1,280.000000,161.419998,4.500000,140.000000,140.000000,3.000000,332,0,0
multicoil_val/file1001450.h5,CORPDFS_FBK,SIEMENS,Aera,1.494000,15,HJD,640,372,1,320,320,1,280.000000,162.820007,4.500000,140.000000,140.000000,3.000000,335,0,0
multicoil_val/file1001458.h5,CORPD_FBK,SIEMENS,Biograph_mMR,2.893620,15,NYU,640,368,1,320,320,1,280.000000,161.419998,4.500000,140.000000,140.000000,3.000000,332,0,0
multicoil_val/file1001480.h5,CORPDFS_FBK,SIEMENS,Aera,1.494000,15,NYU,640,372,1,320,320,1,280.000000,162.820007,4.500000,140.000000,140.000000,3.000000,335,0,0
multicoil_val/file1001497.h5,CORPD_FBK,SIEMENS,Skyra,2.893620,15,HJD,640,368,1,320,320,1,280.000000,161.419998,4.500000,140.000000,140.000000,3.000000,332,0,0
multicoil_val/file1001499.h5,CORPDFS_FBK,SIEMENS,Aera,1.494000,15,NYU,640,372,1,320,320,1,280.000000,162.820007,4.500000,140.000000,140.000000,3.000000,335,0,0
multicoil_val/file1001506.h5,CORPD_FBK,SIEMENS,Biograph_mMR,2.893620,15,NYU,640,368,1,320,320,1,280.000000,161.419998,4.500000,140.000000,140.000000,3.000000,332,0,0
multicoil_val/file1001533.h5,CORPDFS_FBK,SIEMENS,Aera,1.494000,15,NYU,640,372,1,320,320,1,280.000000,162.820007,4.500000,140.000000,140.000000,3.000000,335,0,0
multicoil_val/file1001557.h5,CORPDFS_FBK,SIEMENS,Aera,1.494000,15,NYU,640,372,1,320,320,1,280.000000,162.820007,4.500000,140.000000,140.000000,3.000000,335,0,0
multicoil_val/file1001566.h5,CORPDFS_FBK,SIEMENS,Biograph_mMR,2.893620,15,NYU,640,368,1,320,320,1,280.000000,161.419998,4.500000,140.000000,140.000000,3.000000,332,0,0
multicoil_val/file1001585.h5,CORPD_FBK,SIEMENS,Biograph_mMR,2.893620,15,NYU,640,368,1,320,320,1,280.000000,161.419998,4.500000,140.000000,140.000000,3.000000,332,0,0
multicoil_val/file1001598.h5,CORPD_FBK,SIEMENS,Aera,1.494000,15,NYU,640,372,1,320,320,1,280.000000,162.820007,4.500000,140.000000,140.000000,3.000000,335,0,0
multicoil_val/file1001643.h5,CORPDFS_FBK,SIEMENS,Skyra,2.893620,15,NYU,640,368,1,320,320,1,280.000000,161.419998,4.500000,140.000000,140.000000,3.000000,332,0,0
multicoil_val/file1001650.h5,CORPD_FBK,SIEMENS,Biograph_mMR,2.893620,15,NYU,640,320,1,320,320,1,280.000000,140.000000,4.500000,140.000000,140.000000,3.000000,288,0,0
multicoil_val/file1001651.h5,CORPDFS_FBK,SIEMENS,Skyra,2.893620,15,NYU,640,368,1,320,320,1,280.000000,161.419998,4.500000,140.000000,140.000000,3.000000,332,0,0
multicoil_val/file1001655.h5,CORPDFS_FBK,SIEMENS,Skyra,2.893620,15,NYU,640,368,1,320,320,1,280.000000,161.419998,4.500000,140.000000,140.000000,3.000000,332,0,0
multicoil_val/file1001668.h5,CORPD_FBK,SIEMENS,Skyra,2.893620,15,NYU,640,368,1,320,320,1,280.000000,161.419998,4.500000,140.000000,140.000000,3.000000,332,0,0
multicoil_val/file1001687.h5,CORPD_FBK,SIEMENS,Aera,1.494000,15,NYU,640,372,1,320,320,1,280.000000,162.820007,4.500000,140.000000,140.000000,3.000000,335,0,0
multicoil_val/file1001689.h5,CORPDFS_FBK,SIEMENS,Skyra,2.893620,15,NYU,640,368,1,320,320,1,280.000000,161.419998,4.500000,140.000000,140.000000,3.000000,332,0,0
multicoil_val/file1001703.h5,CORPDFS_FBK,SIEMENS,Aera,1.494000,15,NYU,640,338,1,320,320,1,280.000000,148.259995,4.500000,140.000000,140.000000,3.000000,305,0,0
multicoil_val/file1001715.h5,CORPD_FBK,SIEMENS,Skyra,2.893620,15,NYU,640,368,1,320,320,1,280.000000,161.419998,4.500000,140.000000,140.000000,3.000000,332,0,0
multicoil_val/file1001726.h5,CORPDFS_FBK,SIEMENS,Skyra,2.893620,15,NYU,640,368,1,320,320,1,280.000000,161.419998,4.500000,140.000000,140.000000,3.000000,332,0,0
multicoil_val/file1001759.h5,CORPD_FBK,SIEMENS,Skyra,2.893620,15,NYU,640,368,1,320,320,1,280.000000,161.419998,4.500000,140.000000,140.000000,3.000000,332,0,0
multicoil_val/file1001763.h5,CORPD_FBK,SIEMENS,Biograph_mMR,2.893620,15,NYU,640,368,1,320,320,1,280.000000,161.419998,4.500000,140.000000,140.000000,3.000000,332,0,0
multicoil_val/file1001793.h5,CORPD_FBK,SIEMENS,Aera,1.494000,15,NYU,640,372,1,320,320,1,280.000000,162.820007,4.500000,140.000000,140.000000,3.000000,335,0,0
multicoil_val/file1001798.h5,CORPDFS_FBK,SIEMENS,Aera,1.494000,15,NYU,640,372,1,320,320,1,280.000000,162.820007,4.500000,140.000000,140.000000,3.000000,335,0,0
multicoil_val/file1001818.h5,CORPDFS_FBK,SIEMENS,Aera,1.494000,15,NYU,640,372,1,320,320,1,280.000000,162.820007,4.500000,140.000000,140.000000,3.000000,335,0,0
multicoil_val/file1001825.h5,CORPDFS_FBK,SIEMENS,Aera,1.494000,15,NYU,640,372,1,320,320,1,280.000000,162.820007,4.500000,140.000000,140.000000,3.000000,335,0,0
multicoil_val/file1001834.h5,CORPDFS_FBK,SIEMENS,Skyra,2.893620,15,NYU,640,368,1,320,320,1,280.000000,161.419998,4.500000,140.000000,140.000000,3.000000,332,0,0
multicoil_val/file1001843.h5,CORPD_FBK,SIEMENS,Aera,1.494000,15,NYU,640,372,1,320,320,1,280.000000,162.820007,4.500000,140.000000,140.000000,3.000000,335,0,0
multicoil_val/file1001850.h5,CORPDFS_FBK,SIEMENS,Skyra,2.893620,15,NYU,640,368,1,320,320,1,280.000000,161.419998,4.500000,140.000000,140.000000,3.000000,332,0,0
multicoil_val/file1001851.h5,CORPDFS_FBK,SIEMENS,Skyra,2.893620,15,NYU,640,368,1,320,320,1,280.000000,161.419998,4.500000,140.000000,140.000000,3.000000,332,0,0
multicoil_val/file1001862.h5,CORPDFS_FBK,SIEMENS,Biograph_mMR,2.893620,15,NYU,640,368,1,320,320,1,280.000000,161.419998,4.500000,140.000000,140.000000,3.000000,332,0,0
multicoil_val/file1001893.h5,CORPD_FBK,SIEMENS,Skyra,2.893620,15,NYU,640,368,1,320,320,1,280.000000,161.419998,4.500000,140.000000,140.000000,3.000000,332,0,0
multicoil_val/file1001916.h5,CORPDFS_FBK,SIEMENS,Aera,1.494000,15,NYU,640,372,1,320,320,1,280.000000,162.820007,4.500000,140.000000,140.000000,3.000000,335,0,0
multicoil_val/file1001930.h5,CORPD_FBK,SIEMENS,Skyra,2.893620,15,NYU,640,368,1,320,320,1,280.000000,161.419998,4.500000,140.000000,140.000000,3.000000,332,0,0
multicoil_val/file1001938.h5,CORPDFS_FBK,SIEMENS,Biograph_mMR,2.893620,15,NYU,640,368,1,320,320,1,280.000000,161.419998,4.500000,140.000000,140.000000,3.000000,332,0,0
multicoil_val/file1001955.h5,CORPDFS_FBK,SIEMENS,Biograph_mMR,2.893620,15,NYU,640,368,1,320,320,1,280.000000,161.419998,4.500000,140.000000,140.000000,3.000000,332,0,0
multicoil_val/file1001959.h5,CORPDFS_FBK,SIEMENS,Aera,1.494000,15,NYU,640,372,1,320,320,1,280.000000,162.820007,4.500000,140.000000,140.000000,3.000000,335,0,0
multicoil_val/file1001968.h5,CORPDFS_FBK,SIEMENS,Skyra,2.893620,15,HJD,640,368,1,320,320,1,280.000000,161.419998,4.500000,140.000000,140.000000,3.000000,332,0,0
multicoil_val/file1001977.h5,CORPD_FBK,SIEMENS,Aera,1.494000,15,NYU,640,372,1,320,320,1,280.000000,162.820007,4.500000,140.000000,140.000000,3.000000,335,0,0
multicoil_val/file1001983.h5,CORPD_FBK,SIEMENS,Aera,1.494000,15,NYU,640,372,1,320,320,1,280.000000,162.820007,4.500000,140.000000,140.000000,3.000000,335,0,0
multicoil_val/file1001984.h5,CORPDFS_FBK,SIEMENS,Aera,1.494000,15,NYU,640,372,1,320,320,1,280.000000,162.820007,4.500000,140.000000,140.000000,3.000000,335,0,0
multicoil_val/file1001995.h5,CORPD_FBK,SIEMENS,Aera,1.494000,15,NYU,640,372,1,320,320,1,280.000000,162.820007,4.500000,140.000000,140.000000,3.000000,335,0,0
multicoil_val/file1001997.h5,CORPDFS_FBK,SIEMENS,Aera,1.494000,15,NYU,640,372,1,320,320,1,280.000000,162.820007,4.500000,140.000000,140.000000,3.000000,335,0,0
multicoil_val/file1002002.h5,CORPDFS_FBK,SIEMENS,Biograph_mMR,2.893620,15,NYU,640,320,1,320,320,1,280.000000,140.000000,4.500000,140.000000,140.000000,3.000000,288,0,0
multicoil_val/file1002007.h5,CORPDFS_FBK,SIEMENS,Skyra,2.893620,15,NYU,640,320,1,320,320,1,280.000000,140.000000,4.500000,140.000000,140.000000,3.000000,288,0,0
multicoil_val/file1002021.h5,CORPD_FBK,SIEMENS,Skyra,2.893620,15,NYU,640,368,1,320,320,1,280.000000,161.419998,4.500000,140.000000,140.000000,3.000000,332,0,0
multicoil_val/file1002035.h5,CORPD_FBK,SIEMENS,Aera,1.494000,15,NYU,640,372,1,320,320,1,280.000000,162.820007,4.500000,140.000000,140.000000,3.000000,335,0,0
multicoil_val/file1002067.h5,CORPDFS_FBK,SIEMENS,Prisma_fit,2.893620,15,NYU,640,368,1,320,320,1,280.000000,161.419998,4.500000,140.000000,140.000000,3.000000,332,0,0
multicoil_val/file1002145.h5,CORPDFS_FBK,SIEMENS,Prisma_fit,2.893620,15,NYU,640,368,1,320,320,1,280.000000,161.419998,4.500000,140.000000,140.000000,3.000000,332,0,0
multicoil_val/file1002155.h5,CORPDFS_FBK,SIEMENS,Aera,1.494000,15,NYU,640,372,1,320,320,1,280.000000,162.820007,4.500000,140.000000,140.000000,3.000000,335,0,0
multicoil_val/file1002159.h5,CORPDFS_FBK,SIEMENS,Skyra,2.893620,15,NYU,640,368,1,320,320,1,280.000000,161.419998,4.500000,140.000000,140.000000,3.000000,332,0,0
multicoil_val/file1002187.h5,CORPD_FBK,SIEMENS,Biograph_mMR,2.893620,15,NYU,640,368,1,320,320,1,280.000000,161.419998,4.500000,140.000000,140.000000,3.000000,332,0,0
multicoil_val/file1002214.h5,CORPDFS_FBK,SIEMENS,Biograph_mMR,2.893620,15,NYU,640,368,1,320,320,1,280.000000,161.419998,4.500000,140.000000,140.000000,3.000000,332,0,0
multicoil_val/file1002252.h5,CORPD_FBK,SIEMENS,Skyra,2.893620,15,NYU,640,368,1,320,320,1,280.000000,161.419998,4.500000,140.000000,140.000000,3.000000,332,0,0
multicoil_val/file1002257.h5,CORPD_FBK,SIEMENS,Aera,1.494000,15,NYU,640,372,1,320,320,1,280.000000,162.820007,4.500000,140.000000,140.000000,3.000000,335,0,0
multicoil_val/file1002274.h5,CORPD_FBK,SIEMENS,Aera,1.494000,15,HJD,640,372,1,320,320,1,280.000000,162.820007,4.500000,140.000000,140.000000,3.000000,335,0,0
multicoil_val/file1002280.h5,CORPD_FBK,SIEMENS,Aera,1.494000,15,NYU,640,372,1,320,320,1,280.000000,162.820007,4.500000,140.000000,140.000000,3.000000,335,0,0
multicoil_val/file1002340.h5,CORPDFS_FBK,SIEMENS,Skyra,2.893620,15,NYU,640,368,1,320,320,1,280.000000,161.419998,4.500000,140.000000,140.000000,3.000000,332,0,0
multicoil_val/file1002351.h5,CORPD_FBK,SIEMENS,Skyra,2.893620,15,HJD,640,368,1,320,320,1,280.000000,161.419998,4.500000,140.000000,140.000000,3.000000,332,0,0
multicoil_val/file1002377.h5,CORPDFS_FBK,SIEMENS,Aera,1.494000,15,NYU,640,372,1,320,320,1,280.000000,162.820007,4.500000,140.000000,140.000000,3.000000,335,0,0
multicoil_val/file1002380.h5,CORPDFS_FBK,SIEMENS,Aera,1.494000,15,NYU,640,372,1,320,320,1,280.000000,162.820007,4.500000,140.000000,140.000000,3.000000,335,0,0
multicoil_val/file1002382.h5,CORPD_FBK,SIEMENS,Skyra,2.893620,15,NYU,640,368,1,320,320,1,280.000000,161.419998,4.500000,140.000000,140.000000,3.000000,332,0,0
multicoil_val/file1002389.h5,CORPDFS_FBK,SIEMENS,Skyra,2.893620,15,NYU,640,368,1,320,320,1,280.000000,161.419998,4.500000,140.000000,140.000000,3.000000,332,0,0
multicoil_val/file1002404.h5,CORPDFS_FBK,SIEMENS,Aera,1.494000,15,NYU,640,372,1,320,320,1,280.000000,162.820007,4.500000,140.000000,140.000000,3.000000,335,0,0
multicoil_val/file1002412.h5,CORPDFS_FBK,SIEMENS,Aera,1.494000,15,NYU,640,372,1,320,320,1,280.000000,162.820007,4.500000,140.000000,140.000000,3.000000,335,0,0
multicoil_val/file1002417.h5,CORPD_FBK,SIEMENS,Skyra,2.893620,15,NYU,640,386,1,320,320,1,280.000000,169.119995,4.500000,140.000000,140.000000,3.000000,348,0,0
multicoil_val/file1002436.h5,CORPDFS_FBK,SIEMENS,Skyra,2.893620,15,NYU,640,368,1,320,320,1,280.000000,161.419998,4.500000,140.000000,140.000000,3.000000,332,0,0
multicoil_val/file1002451.h5,CORPDFS_FBK,SIEMENS,Skyra,2.893620,15,HJD,640,368,1,320,320,1,280.000000,161.419998,4.500000,140.000000,140.000000,3.000000,332,0,0
multicoil_val/file1002515.h5,CORPDFS_FBK,SIEMENS,Aera,1.494000,15,HJD,640,372,1,320,320,1,280.000000,162.820007,4.500000,140.000000,140.000000,3.000000,335,0,0
multicoil_val/file1002526.h5,CORPD_FBK,SIEMENS,Aera,1.494000,15,NYU,640,372,1,320,320,1,280.000000,162.820007,4.500000,140.000000,140.000000,3.000000,335,0,0
multicoil_val/file1002538.h5,CORPDFS_FBK,SIEMENS,Aera,1.494000,15,NYU,640,372,1,320,320,1,280.000000,162.820007,4.500000,140.000000,140.000000,3.000000,335,0,0
multicoil_val/file1002546.h5,CORPD_FBK,SIEMENS,Skyra,2.893620,15,HJD,640,368,1,320,320,1,280.000000,161.419998,4.500000,140.000000,140.000000,3.000000,332,0,0
multicoil_val/file1002570.h5,CORPD_FBK,SIEMENS,Skyra,2.893620,15,NYU,640,368,1,320,320,1,280.000000,161.419998,4.500000,140.000000,140.000000,3.000000,332,0,0
